{"cameraMode":{"drawMode":0,"name":"Shaded","section":"Shading Mode"},"sceneLighting":false,"audioPlay":false,"sceneViewState":{"showFog":true,"showMaterialUpdate":false,"showSkybox":false,"showFlares":true,"showImageEffects":true,"showParticleSystems":true},"in2DMode":false,"pivot":{"x":-0.12000614404678345,"y":-1.7100000381469727,"z":2.319999933242798},"rotation":{"x":0.013167737051844597,"y":0.43121030926704409,"z":-0.006559486500918865,"w":0.9022814631462097},"size":0.8660364747047424,"orthographic":false}